Mental,Physical,Temporal,Performance,Effort,Frustration,Mode,tlx_total
40.91111111111111,60.422222222222224,46.2,78.57777777777778,51.044444444444444,35.53333333333333,all,52.114814814814814
